Competitor Name,Product Description,Marketing Strategy,Financial Summary
TechCorp,Enterprise cloud computing platform with AI-powered analytics and automated scaling,Focus on enterprise clients with direct sales tech conferences and thought leadership content,Revenue $500M Growth 25% YoY Market Cap $8B Strong enterprise customer base
InnovateLabs,Machine learning solutions for predictive analytics and business intelligence,Content marketing through whitepapers webinars and partnerships with universities,Revenue $150M Growth 40% YoY Series D funding Expanding internationally
DataDynamic,Big data processing platform with real-time streaming and visualization tools,Freemium model with extensive documentation and developer community building,Revenue $300M Growth 30% YoY IPO planned High customer retention rates
CloudFirst,Multi-cloud management system with security and compliance automation,Channel partnerships and reseller network with strong customer success programs,Revenue $200M Growth 35% YoY Private equity backed Focus on profitability
AIForward,Artificial intelligence framework for natural language processing applications,Developer-first approach with open-source components and API-first strategy,Revenue $100M Growth 50% YoY Venture funded Research and development heavy
SmartSolutions,IoT connectivity platform with edge computing and device management,Industry-specific solutions with vertical market penetration and case studies,Revenue $80M Growth 45% YoY Bootstrapped Strong margins and cash flow
NextGenTech,Blockchain-based supply chain management and traceability solutions,Regulatory compliance focus with government and financial sector targeting,Revenue $60M Growth 60% YoY Cryptocurrency revenues Volatile but growing
FutureSystems,Cybersecurity suite with threat detection and incident response automation,Fear-based marketing emphasizing security threats and compliance requirements,Revenue $400M Growth 20% YoY Public company Acquisition strategy active
DigitalEdge,Digital transformation consulting with custom software development,Consultative selling with custom demos and proof-of-concept implementations,Revenue $250M Growth 15% YoY Consulting margins Project-based revenue
ProActive,Process automation tools for workflow optimization and task management,Self-service platform with automated onboarding and usage-based pricing,Revenue $120M Growth 55% YoY SaaS model High recurring revenue percentage